customer,transaction_date,Recommended_product_1,Recommended_product_2,Recommended_product_3,Recommended_product_4,Recommended_product_5,Recommended_product_6,Recommended_product_7,Recommended_product_8,Recommended_product_9,Recommended_product_10,Recommended_product_11,Recommended_product_12,Recommended_product_13,Recommended_product_14,Recommended_product_15,Recommended_product_16,Recommended_product_17,Recommended_product_18,Recommended_product_19,Recommended_product_20
0bb1603d16,2022-01-01,Godrej No.1 Sandal Soap @10 Linkage,Poha-Manthan-30-Kg Linkage,MENTOS ORANGE @190 Linkage,Sunsilk Black Shine Shampoo @1 Linkage,Poha-Manthan-30-Kg Linkage,Colgate Cibaca @10 Linkage,Kurkure Masala Munch @5 Linkage,Poha-Manthan-30-Kg Linkage,Steelgrip Tape @5 Linkage,Salt-1-Kg Linkage,Parachute Coconut Oil @69 Linkage,Colgate Dental Cream @65 Linkage,GS Dust Tea @84 Linkage,Santoor Orange (Pack of 4) @84 Linkage,Fevikwik @5 Linkage,,,,,
0bb1603d17,2022-01-02,GS Dust Tea @33 Linkage,Eveready AA 915 @10 Linkage,Active Wheel Powder @50 Linkage,Marie Gold @10 Linkage,Nupur Black Mehendi @10 Linkage,Dant Kanti Toothpaste @40 Linkage,Haldirams Soya Sticks @5 Linkage,Red Label Tea @40 Linkage,Veet Cream @39 Linkage,Sunfeast Marie Light @10 Linkage,ENO LEMON POWDER @48 Linkage,Bourbon @10 Linkage,Oil Soya Priya refined 1ltr Linkage,Gemini-Sunflower-Oil-One-Litre Linkage,Dettol Original Squeezy Handwash @30 Linkage,Nilam Chandan Agarbatti @15 Linkage,ENO LEMON POWDER @48 Linkage,Parachute Coconut Oil @199 Linkage,Samrat-Poha-30-Kg Linkage,Melody Chocolaty @150 Linkage
0bb1603d18,2022-01-03,Parle-G @5 Linkage,Colgate Cibaca 123 Toothbrush @15 Linkage,Haldirams Phulhari Chiwda @5 Linkage,Vicks Cough Drops @185 Linkage,Suhana Meat Masala @10 Linkage,Sunfeast Bounce Orange Cream @5 Linkage,Nisha Black Mehendi @100 Linkage,Godrej Expert Original Hair Color @144 Linkage,Head & Shoulders Basic Clean Shampoo @2 Linkage,Dove Beauty Soap @20 Linkage,Colgate Dental Cream @65 Linkage,Wheel Bar @10 Linkage,Santoor Orange (Pack of 4) @84 Linkage,Fevikwik @5 Linkage,Parachute Coconut Oil @69 Linkage,,,,,
0bb1603d19,2022-01-04,ENO LEMON POWDER @48 Linkage,Bourbon @10 Linkage,Oil Soya Priya refined 1ltr Linkage,Gemini-Sunflower-Oil-One-Litre Linkage,Dettol Original Squeezy Handwash @30 Linkage,Nilam Chandan Agarbatti @15 Linkage,ENO LEMON POWDER @48 Linkage,Parachute Coconut Oil @199 Linkage,Samrat-Poha-30-Kg Linkage,Melody Chocolaty @150 Linkage,Godrej No.1 Sandal Soap @10 Linkage,Poha-Manthan-30-Kg Linkage,MENTOS ORANGE @190 Linkage,Sunsilk Black Shine Shampoo @1 Linkage,Poha-Manthan-30-Kg Linkage,Colgate Cibaca @10 Linkage,Kurkure Masala Munch @5 Linkage,Poha-Manthan-30-Kg Linkage,Steelgrip Tape @5 Linkage,Salt-1-Kg Linkage
0bb1603d20,2022-01-05,Parachute Coconut Oil @69 Linkage,Colgate Dental Cream @65 Linkage,GS Dust Tea @84 Linkage,Santoor Orange (Pack of 4) @84 Linkage,Fevikwik @5 Linkage,ENO LEMON POWDER @48 Linkage,Vatika Health Shampoo @1 Linkage,Sahyadri Elaichi Tea @10 Linkage,Wheel Bar @10 Linkage,Sunfeast Marie Light @10 Linkage,ENO LEMON POWDER @48 Linkage,Bourbon @10 Linkage,Oil Soya Priya refined 1ltr Linkage,Gemini-Sunflower-Oil-One-Litre Linkage,Dettol Original Squeezy Handwash @30 Linkage,Nilam Chandan Agarbatti @15 Linkage,ENO LEMON POWDER @48 Linkage,Parachute Coconut Oil @199 Linkage,Samrat-Poha-30-Kg Linkage,Melody Chocolaty @150 Linkage
